{"30844": 0.012396152253096543, "37678": 0.006945479068396248}