{"29571": 0.011893902183400255, "36974": 0.01981480611529282}