{"36906": 0.027212256482807083, "24835": 0.013501440677417523}