{"36925": 0.0475488630789971, "6713": 0.010198958344229882}