{"28885": 0.013792493653154544, "8529": 0.01068918258119477}