{"327903": 0.026838594529370208, "37164": 0.15554640697240227}