{"37492": 0.012902047432566338, "2609": 0.0006451023716283169}